dim1,dim2,dim3,dim4,dim5,dim6,dim7,dim8,obj1,obj2,obj3
0.7894437909126282,0.5646427273750305,0.7887369990348816,0.3067094087600708,0.21975177526474,0.3574158251285553,0.717496931552887,0.9264625310897827,-1.4487748273230112,-3.4236916716644065e-25,-1.2281236604011236e-10
0.07853176444768906,0.06044055242091417,0.17462555039674044,0.8060557525604963,0.7206593481823802,0.586440172046423,0.36206209287047386,0.37236336059868336,-1.2910190853546195,-2.7535632015765644e-122,-6.4801948761453075e-111
0.4098886149004102,0.8919755574315786,0.6647018091753125,0.24067783541977406,0.8452762141823769,0.8993832329288125,0.9500411804765463,0.11286919843405485,-1.7255046232083466,-2.939891974306984e-05,-5.0075068591646816e-39
0.7145405150949955,0.4831222454085946,0.3104103561490774,0.7392613040283322,0.3451005704700947,0.16947280056774616,0.09436218906193972,0.6820592600852251,-1.424119875339478,-5.693376865186838e-32,-5.653954331063847e-15
0.5306631615385413,0.8366677043959498,0.017122003249824047,0.5101734641939402,0.4084957307204604,0.43008884601294994,0.8132452238351107,0.157738390378654,-1.4618008395434543,-4.133411336494266e-08,-6.9646948589560945e-28
0.35101122967898846,0.2884939946234226,0.879836305975914,0.008904513902962208,0.9089304460212588,0.6377738984301686,0.23115813825279474,0.6020218376070261,-1.654340554550524,-2.6817760721882886e-54,-8.84801545864689e-46
0.14524856489151716,0.6366455992683768,0.404805451631546,0.9434077451005578,0.5340355783700943,0.8255642503499985,0.58070098888129,0.8502473859116435,-1.4420088130995363,-5.557275580084193e-20,-3.6836028588465458e-84
0.9811606276780367,0.23849966377019882,0.5117147443816066,0.4428406413644552,0.033356260508298874,0.11729853134602308,0.4988580420613289,0.42123802937567234,-1.3362272595449851,-1.1770023132910113e-62,-0.31920920382848855
0.8814835473895073,0.9999191761016846,0.4901276780292392,0.12271879613399506,0.6308667482808232,0.23158223275095224,0.7765519805252552,0.19628870580345392,-0.017706936252186153,-1.4002223665097207,-7.307564956776516e-06
0.24869839195162058,0.3752413308247924,0.5943590179085732,0.6238911962136626,0.13178996834903955,0.9612971637398005,0.1789839630946517,0.5009829625487328,-1.4756786156084964,-6.254295783208334e-43,-8.558731067174172e-61
0.26315969601273537,0.5436760447919369,0.12003033608198166,0.42364395689219236,0.2564368788152933,0.523599243722856,0.5090958746150136,0.7654972681775689,-1.2806586434673441,-6.879755999879964e-27,-2.1158791904457805e-58
0.614688535220921,0.08147041033953428,0.9839576883241534,0.9245417527854443,0.756246542558074,0.29428020492196083,0.41128371469676495,0.443484328687191,-1.5334982689880554,-3.0324492298297823e-109,-1.7673170543290866e-21
0.6734857987612486,0.7240144098177552,0.6911879014223814,0.8259928403422236,0.9426717953756452,0.055376894772052765,0.6301448130980134,0.9665959412232041,-1.7711216144706086,-2.6247578927701945e-14,-1.8932698323154893e-17
0.44695699121803045,0.15106814913451672,0.3347068401053548,0.3268040902912617,0.44309181813150644,0.7634623749181628,0.29023476876318455,0.2697337567806244,-1.2269936110110897,-1.593136585951179e-82,-2.048970286283084e-35
0.05711509473621845,0.8029468255117536,0.8249969305470586,0.6266759410500526,0.068226994946599,0.7009171601384878,0.897600919008255,0.026284211315214634,-1.730958571282342,-7.999909877669232e-10,-1.2867574747396877e-124
0.8149002222344279,0.322151692584157,0.21258687786757946,0.12770076002925634,0.5675633233040571,0.49292216170579195,0.0579350171610713,0.7061327993869781,-1.463740105343001,-1.471043774460015e-49,-2.965018951354483e-09
0.8629703158512712,0.7689806222915649,0.5742233581840992,0.9815202048048377,0.34331496711820364,0.7893345197662711,0.3286082502454519,0.04195917584002018,-1.5848120068737361,-9.71935031686658e-12,-9.90109793413857e-07
0.011379845440387726,0.3561791693791747,0.46238166745752096,0.4828149601817131,0.8432613713666797,0.028544943779706955,0.7461292343214154,0.721714454703033,-1.4515456030569553,-3.348129446297831e-45,-9.366706633244412e-195
0.4926314102485776,0.6877291463315487,0.9404756044968963,0.532676313072443,0.7178782224655151,0.46612089965492487,0.06457023229449987,0.9822624418884516,-1.6658813583181167,-1.4437998154921646e-16,-4.677069804572559e-31
0.6254770047962666,0.18741420935839415,0.08444083109498024,0.03320807497948408,0.2186637781560421,0.7267584819346666,0.9828236363828182,0.28531052451580763,-1.8003638377097424,-5.391773864046892e-73,-1.1819930924891789e-20
0.5670609613880515,0.5096490466967225,0.369277716614306,0.21622967347502708,0.028106137178838253,0.9978640507906675,0.20121171604841948,0.812270687893033,-1.7549537655715477,-1.4706427156358144e-29,-6.358585878535319e-25
0.3092153947800398,0.11543613485991955,0.7337353397160769,0.7169185532256961,0.5275488970801234,0.19597528595477343,0.846182145178318,0.4904695553705096,-1.31480874326143,-3.541279033356409e-94,-2.1932757810671207e-51
0.20258145313709974,0.9635726409032941,0.23943633027374744,0.2666512792930007,0.9026540443301201,0.25864243507385254,0.46524973399937153,0.24305175431072712,-1.4089182564034852,-0.05415835732563931,-1.0122656505790091e-69
0.9291718918830156,0.41152706928551197,0.8440758744254708,0.768042117357254,0.4029666520655155,0.5601968197152019,0.6094877431169152,0.547961394302547,-1.2175611479423805,-5.265642794081336e-39,-0.0012337215981642715
0.9662402644753456,0.6706115547567606,0.1546005243435502,0.6666578259319067,0.8052158402279019,0.6646528774872422,0.14645904023200274,0.8346944898366928,-1.5024248040675916,-1.0471667280821223e-17,-0.07617236377533004
0.16152673307806253,0.20447291154414415,0.7609413955360651,0.16588191781193018,0.3051476115360856,0.40420317091047764,0.8062085043638945,0.40553430560976267,-1.3295572060644452,-2.417714481815662e-69,-1.3940162906917594e-79
0.3346718139946461,0.8729532118886709,0.266855800524354,0.850395661778748,0.17979450710117817,0.0913820480927825,0.3824206478893757,0.1421939581632614,-1.5884835934604682,-3.134724178281798e-06,-7.227970633791707e-48
0.5456442879512906,0.25214721355587244,0.6291237557306886,0.3493450377136469,0.6805956494063139,0.852473933249712,0.5429025357589126,0.586323001421988,-1.205514812309557,-2.7714672267404823e-60,-9.295093128890878e-27
0.7289268355816603,0.9260027883574367,0.9144796840846539,0.40118681360036135,0.6208522291854024,0.6221222802996635,0.2612820267677307,0.06597370654344559,-1.4564412835868825,-0.0010486785259198456,-4.2443079410583264e-14
0.3929543336853385,0.4491558112204075,0.05965801980346441,0.9000401068478823,0.12031057570129633,0.3207405162975192,0.6640411494299769,0.6351961055770516,-1.5754186537013415,-4.2975225094213096e-35,-6.725493145779732e-41
0.09540522284805775,0.6009890278801322,0.5384535929188132,0.08468223921954632,0.4954457674175501,0.13282819651067257,0.02532041911035776,0.8795774057507515,-1.6782031070101133,-2.03057354522554e-22,-2.388798006737381e-102
0.7751187859103084,0.024155519902706146,0.4239340089261532,0.5837492132559419,0.9957437422126532,0.9350345330312848,0.9273471180349588,0.3255070010200143,-1.6608902345776038,-5.225161752077976e-162,-2.2557297833756774e-11
0.7572909919545054,0.8848399324342608,0.10632395278662443,0.7652027560397983,0.05229644104838371,0.8669654875993729,0.0926027512177825,0.3886325713247061,-1.738790700182079,-1.3269011724047993e-05,-2.3048691447458925e-12
0.12450455315411091,0.4900166057050228,0.993757463991642,0.2625957392156124,0.5522429794073105,0.06515647750347853,0.9869561530649662,0.8164519062265754,-1.8292435382028387,-3.0162766597334295e-31,-9.482324241070362e-91
0.3873802712187171,0.5871611153706908,0.4725840613245964,0.6913720369338989,0.9268636656925082,0.37773251347243786,0.32490297965705395,0.573077654466033,-1.2705361276791312,-1.499117158887252e-23,-1.299740896210382e-41
0.7389077674597502,0.03767895698547363,0.6158092422410846,0.1880021458491683,0.42764905747026205,0.6793895335868001,0.7195005239918828,0.12809222843497992,-1.3346655758117794,-8.53846037788966e-143,-1.5153589850798694e-13
0.5473121302202344,0.6412263233214617,0.8386341761797667,0.06241466850042343,0.3659939356148243,0.9085180917754769,0.43813941814005375,0.6491738837212324,-1.5170782633929512,-1.1974630270015994e-19,-1.5872130511340134e-26
0.3207846023142338,0.23367383051663637,0.20285528618842363,0.5591928353533149,0.8654365614056587,0.14764113910496235,0.6062640780583024,0.07934302743524313,-1.537743762819496,-1.7539274842973867e-63,-1.0100787756687067e-49
0.18326074723154306,0.816215930506587,0.7088006557896733,0.4878536192700267,0.7405455140396953,0.3353083720430732,0.2058391897007823,0.3436294477432966,-1.239713056995718,-2.950854114897906e-09,-3.948083742186562e-74
0.9410472139716148,0.3086987817659974,0.3131884317845106,0.9853336252272129,0.24085828568786383,0.5958509407937527,0.8737197071313858,0.896599299274385,-1.6437358458300937,-2.3197621808836e-51,-0.005930551966972569
0.9157376457005739,0.5544742504134774,0.6862125899642706,0.5704754460602999,0.5806056242436171,0.7413034494966269,0.4016903154551983,0.7360565327107906,-1.1697539866454594,-4.491099307039639e-26,-0.00027626206012878226
0.20482808630913496,0.07042518816888332,0.2928052293136716,0.07360120583325624,0.0805372316390276,0.43984193075448275,0.5538457622751594,0.054956560023128986,-1.6052766415844522,-1.4944155169365336e-115,-3.4723261240822983e-69
0.28361896984279156,0.9732499243691564,0.7984762089326978,0.8791997516527772,0.45518795493990183,0.0020208731293678284,0.13398993480950594,0.30332043394446373,-1.6465101152083148,-0.17246579356440014,-4.881815049992726e-55
0.588273405097425,0.4016655031591654,0.16098067723214626,0.3820509146898985,0.9559892313554883,0.8041245741769671,0.7863895203918219,0.9994197534397244,-1.7607030711820073,-6.7337876329964455e-40,-2.5103108652523648e-23
0.6549796499311924,0.7942152246832848,0.3833476034924388,0.3675016323104501,0.7673355396836996,0.5337490504607558,0.005006478168070316,0.4731920696794987,-1.349508140019976,-2.089855149749299e-10,-8.89356866690812e-19
0.4753252463415265,0.3306401213631034,0.5292659848928452,0.8702657725661993,0.2667940501123667,0.27338672056794167,0.9153729695826769,0.7943809600546956,-1.5028866871863937,-2.0351727678100822e-48,-1.1806857162791549e-32
0.020907871425151825,0.7481287755072117,0.007329851388931274,0.17598007060587406,0.14193303976207972,0.21047446969896555,0.27270685881376266,0.5348400212824345,-1.6126257698004136,-6.328334389992852e-13,-2.720417391798218e-168
0.8568174028769135,0.12671248894184828,0.8935350654646754,0.6789577724412084,0.642230880446732,0.9716613683849573,0.6828292114660144,0.22883367259055376,-1.5365474995327686,-4.619638875912399e-90,-4.693466874741282e-07
0.8405561922118068,0.7141623655334115,0.25712468568235636,0.46149030048400164,0.3857664503157139,0.29930463433265686,0.95322578959167,0.5192279433831573,-1.3195826790932648,-4.968811396799293e-15,-5.932416987236675e-08
0.0358413178473711,0.16073969565331936,0.6427614782005548,0.9647379461675882,0.8866739496588707,0.5068407980725169,0.12151159066706896,0.21318901889026165,-1.6114397530136384,-1.0366881148007076e-79,-6.945938496047607e-145
0.46033050026744604,0.7579301716759801,0.13308163918554783,0.020472263917326927,0.5112946210429072,0.9447838198393583,0.6899202978238463,0.45758464094251394,-1.600404930240206,-2.3081782143100313e-12,-5.097120038041562e-34
0.6713016908615828,0.36698644794523716,0.7785536730661988,0.5229569086804986,0.011119081638753414,0.23636157531291246,0.3574736751616001,0.7787450086325407,-1.4846414728535569,-6.80368439879017e-44,-1.146873645806351e-17
0.6052212463691831,0.9392231926321983,0.54825384542346,0.7274476271122694,0.1956041418015957,0.47648510430008173,0.5765941767022014,0.2563658794388175,-1.212489544428841,-0.0036031304250486998,-2.959486444557118e-22
0.2692500837147236,0.4356314381584525,0.41022810246795416,0.2300898665562272,0.6960389316082001,0.7056507188826799,0.4707997888326645,0.9526157882064581,-1.3673476586711573,-1.753558332164429e-36,-2.2262991903163137e-57
0.21913620177656412,0.5181274451315403,0.9359294315800071,0.785698895342648,0.8211478991433978,0.768441035412252,0.8398996684700251,0.6891085347160697,-1.5981487132635892,-6.972633005842168e-29,-2.959034675265138e-66
0.8988510444760323,0.10671071987599134,0.04211392626166344,0.28904310055077076,0.320468476973474,0.038694750517606735,0.23483770433813334,0.008163204416632652,-1.811411046218206,-1.8833969277330364e-97,-6.651347383129124e-05
0.986796023324132,0.8501816196367145,0.958027321845293,0.15543772652745247,0.98047318123281,0.17444383166730404,0.5211090790107846,0.359363597817719,-1.5419721085256366,-2.1645496528011575e-07,-0.680804021766524
0.13520808797329664,0.2746718190610409,0.06298345979303122,0.6527089355513453,0.4813965056091547,0.8826782004907727,0.43155856989324093,0.9121218807995319,-1.5356208445349024,-1.8357529994727857e-56,-3.038582326053251e-87
0.368776498362422,0.6775121008977294,0.5879216408357024,0.3313497146591544,0.10604721400886774,0.569980226457119,0.7578030042350292,0.6649033846333623,-1.2899246786141005,-2.5025909764519174e-17,-9.616296685391682e-44
0.5016245683655143,0.19732725620269775,0.45258903875947,0.8283462002873421,0.6058568032458425,0.3621417535468936,0.16752007510513067,0.09485690668225288,-1.4149534119186113,-7.337865253475508e-71,-2.425168519224364e-30
0.6928690262138844,0.6211885530501604,0.22183168027549982,0.9212188636884093,0.6711846422404051,0.10079281684011221,0.8866319879889488,0.6199101405218244,-1.6073362379869844,-5.303603276017089e-21,-2.9331976901791614e-16
0.4350209282711148,0.003712792880833149,0.8655871320515871,0.41811878979206085,0.171604560688138,0.8303664810955524,0.038691083900630474,0.17501826211810112,-1.6757631061286244,-2.4569978036672344e-243,-1.8678740119067584e-36
0.07680258899927139,0.9211860280483961,0.3556323666125536,0.5968846194446087,0.29674356523901224,0.6428212160244584,0.6499380627647042,0.43545850086957216,-1.1185866466731482,-0.0004781055207395014,-6.058645928035556e-112
0.8033905560150743,0.45373130682855844,0.7434740820899606,0.09399823378771544,0.7960799681022763,0.41333802975714207,0.30272957868874073,0.8633673302829266,-1.4902421432561257,-1.1200858719126139e-34,-7.278618221105517e-10
0.8096613176167011,0.8265369310975075,0.33945574797689915,0.6427686596289277,0.5618830863386393,0.04742942005395889,0.4552477980032563,0.7728890413418412,-1.3312781817054153,-1.1133072270288954e-08,-1.4149066347976909e-09
0.06749937403947115,0.29837849643081427,0.7020336473360658,0.14186610095202923,0.062180912122130394,0.7557868165895343,0.6233963016420603,0.4673404097557068,-1.4424832296482972,-6.791766790790335e-53,-1.92843581435647e-117
0.4285200908780098,0.6533662565052509,0.20760902110487223,0.8421314526349306,0.4372893990948796,0.6929658111184835,0.18779143691062927,0.20343526545912027,-1.4291396677874664,-7.35977746058944e-19,-3.534381173434167e-37
0.7019221419468522,0.2215331820771098,0.8143799994140863,0.34095429349690676,0.9367478946223855,0.48525035846978426,0.8556958017870784,0.5250818729400635,-1.4422451999301593,-7.925698533493075e-66,-9.639471251443074e-16
0.5098343808203936,0.5828301021829247,0.6071493169292808,0.4084820244461298,0.8711715955287218,0.22365585807710886,0.07455690577626228,0.002214462496340275,-1.6627832218408019,-9.357351324401654e-24,-1.4449985105168172e-29
0.3614323614165187,0.042011162266135216,0.4929320476949215,0.9074619831517339,0.3719728868454695,0.9535966906696558,0.968930340372026,0.6989546939730644,-1.647694757528217,-5.616507088005248e-138,-1.6432368202529758e-44
0.12674006633460522,0.8823350043967366,0.9713962189853191,0.10760252270847559,0.24659307766705751,0.5156842535361648,0.34201326686888933,0.9427716443315148,-1.661657776395678,-9.550197898972185e-06,-5.1056903350971736e-90
0.993901981972158,0.4925203416496515,0.11699703242629766,0.606796046718955,0.7465246999636292,0.2865682281553745,0.7366308402270079,0.2623125836253166,-0.9065960269036683,-2.488575919792477e-31,-1.036327615456335
0.8943774746730924,0.7378113437443972,0.8846011972054839,0.9585343897342682,0.08627776056528091,0.422168193385005,0.023115383461117744,0.10472592990845442,-1.9190562764859305,-1.8781938038155494e-13,-4.278513081841438e-05
0.23034246638417244,0.1370287286117673,0.028012339025735855,0.4599556988105178,0.5865905173122883,0.6300715180113912,0.933458031155169,0.6589470449835062,-1.4619424435378123,-1.102079633563527e-86,-3.9669015634416414e-64
0.2734892899170518,0.7820717226713896,0.50669040158391,0.5253154886886477,0.961730002425611,0.8176473528146744,0.2556593967601657,0.9180761901661754,-1.5492701025064943,-5.139316425571598e-11,-1.2030381001277736e-56
0.5937682166695595,0.3427848154678941,0.39417446311563253,0.025973912328481674,0.46117261331528425,0.10959227662533522,0.6657579019665718,0.3494965974241495,-1.439952488728652,-7.188289984936359e-47,-5.201908739518312e-23
0.6609589634463191,0.9775773538276553,0.1874623317271471,0.22455936949700117,0.2764400988817215,0.34947025682777166,0.3846409460529685,0.873084987513721,-1.380227085671753,-0.22648364979559335,-2.287123743792188e-18
0.4656800050288439,0.3973373584449291,0.7915554204955697,0.7251217104494572,0.7772255055606365,0.578758891671896,0.5367763601243496,0.4296559114009142,-1.2250420831516056,-1.5856630467279638e-40,-1.2388821103884763e-33
0.04593013133853674,0.5569827621802688,0.2978329071775079,0.2906060740351677,0.6518766945227981,0.8914261618629098,0.15209693275392056,0.18081882130354643,-1.4839114892144516,-8.947533504065628e-26,-3.7783014429474976e-134
0.8349651675671339,0.06791739165782928,0.6616239119321108,0.7918702652677894,0.15182324778288603,0.16180290468037128,0.8044764893129468,0.610194506123662,-1.4517636284469946,-3.598451490667523e-117,-3.34851014166083e-08
0.8504422046244144,0.5302797723561525,0.0470651313662529,0.0675671836361289,0.8767897058278322,0.6144120916724205,0.5907185077667236,0.1339949145913124,-1.689398315227766,-7.487865777676819e-28,-2.4453014093857514e-07
0.030101885087788105,0.09455958474427462,0.9114168686792254,0.5686225667595863,0.3761261235922575,0.3128275526687503,0.4849346159026027,0.5632770517840981,-1.2285821098792327,-7.179260284468456e-103,-1.3960257084034378e-152
0.4814470037817955,0.9495318066328764,0.4367558313533664,0.38411741331219673,0.001234595663845539,0.12512951157987118,0.826680370606482,0.826250471174717,-1.6198193711822784,-0.014340011713881223,-4.5756448795771103e-32
0.6455426895990968,0.42532163206487894,0.5412875786423683,0.8848980842158198,0.5016545290127397,0.9271101849153638,0.22162889875471592,0.38273190055042505,-1.423519324064876,-1.6642954062389127e-37,-2.197758555206403e-19
0.5799543727189302,0.7554300082847476,0.7559321345761418,0.864535253494978,0.6900597605854273,0.6569792861118913,0.9400083990767598,0.9023487120866776,-1.6146442947872384,-1.6734779340324802e-12,-5.540889195288489e-24
0.29085865896195173,0.36948732659220695,0.14395409636199474,0.3654635054990649,0.1898693349212408,0.396249795332551,0.10830087773501873,0.3339806878939271,-1.4328045026160654,-1.2949752976418454e-43,-5.254199477362277e-54
0.2129122745245695,0.7098265951499343,0.6339042019098997,0.6808433150872588,0.31448954064399004,0.0837047016248107,0.7040465362370014,0.0889897495508194,-1.4689149608052585,-3.0084530524676816e-15,-1.5247073074846933e-67
0.4457863846737579,0.8214358443814193,0.4289238419569163,0.24788833577162195,0.6540682688626629,0.25898785242933864,0.7918041785518583,0.20136278035419797,-1.3247698658072276,-5.965204121533723e-09,-1.7019246117928827e-35
0.6630833980006908,0.7215121875195266,0.29324499745001037,0.4876827480640889,0.6540839909486313,0.28161060655378667,0.7638861474012526,0.17130459988527086,-1.2920117140580194,-1.3544203542179951e-14,-2.912069696753382e-18
0.883084362582383,0.7977052640645895,0.5084917592341546,0.06996016889378961,0.6441706357530097,0.21733034230359052,0.7761300455931122,0.15532610101537633,-1.480741572599916,-3.555043703472911e-10,-9.264427630906544e-06
0.728580680917852,0.8670296255937147,0.5958900944712974,0.00457121010006051,0.6310772432963798,0.24811019208173574,0.7446270420261554,0.20798292884279365,-1.480390674659672,-1.4787335774020845e-06,-4.1139721385111066e-14
0.7799514306925271,0.9300562525899386,0.4951719551690578,0.0,0.5313931152399095,0.4369053657893878,1.0,0.44103875845610946,-1.50846526189752,-0.0016810361319630307,-3.8142694117263994e-11
0.7810664631789612,0.9303585302209351,0.4786159728345638,0.7938568754607188,0.538489551949805,0.44321804002782156,1.0,0.4443113145139433,-1.344615115154006,-0.0015479340367486735,-3.92208710561107e-11
0.7657519015219462,0.8831298413157186,0.473732313433282,0.4863970269223561,1.0,0.450544854855833,0.558817595573702,0.43782462906602476,-1.2606461298902685,-7.928099133906361e-06,-5.075998257337139e-12
0.32438911858751196,0.8172476254445719,0.6704780880786689,0.34579994110442813,0.08148612659122667,0.5650063302360362,0.727465102959892,0.6710515893677583,-1.313219141174518,-3.546694816506983e-09,-2.6368464975465012e-49
0.7695891966575951,0.8850040322789487,0.4867753634392379,0.47147409646864946,0.5354988909923128,0.44257596070523797,0.5461469151713915,0.4474924264315195,-1.0104328927664068,-7.85511047015456e-06,-6.706927405389219e-12
0.7694031050493878,0.579086515055744,1.0,0.10597361498184878,0.3407667206912242,0.30102013246223447,0.8138214868380023,0.47134003086639203,-1.5695103364471994,-4.6369161125407564e-24,-1.0168982996794237e-11
0.8355784681902065,0.8855164019461524,0.0,0.5114531130318871,1.0,0.48137891350333856,0.5467973923037927,0.44554972340372273,-1.505632747157203,-1.2402233666813867e-05,-3.737342949733636e-08
0.7230741164856778,0.8827601986043082,0.0,0.1951870740811297,1.0,0.0,1.0,0.05257813506238597,-2.293097244989771,-1.3829826129741626e-05,-2.9841723979799785e-14
0.9181619613042921,0.9299460987413176,0.0,1.0,0.6111834480821424,0.35320257961315416,1.0,0.0,-2.033909912129161,-0.0022399042255127582,-0.0006257221095856229
0.24916830880453078,0.9321139183616463,0.0,1.0,0.6244256272914318,0.3595836991609502,1.0,1.0,-2.035196508125458,-0.002828953429371023,-1.425630883054309e-60
0.6149547786454547,0.8567496971756795,0.46404815706269914,0.4483227230932456,0.0,0.4490124302734899,1.0,0.0,-1.7565628082256206,-5.323282569852653e-07,-2.113983651885583e-21
0.5344373985069222,0.8349316325295626,0.025111771174070728,0.29442696552451203,0.5071404542596173,0.07155658076639353,0.9535984505324933,0.20422511456523126,-1.7446281891319348,-4.007876062247952e-08,-1.6885226579176655e-27
0.9205761078712457,0.9297743220635518,1.0,0.518254965556575,0.5202677431592728,0.0,0.0,0.0,-2.000742695839543,-0.0021630476155409134,-0.0008003525267405607
0.0,0.0,0.0,0.620885737283453,1.0,1.0,1.0,1.0,-2.264613361478564,-0.0,-0.0
0.12535362835501093,0.6303248210999665,0.49092203819187624,0.4622742391950721,0.5354232988797766,0.45171460852779693,0.5535751596523036,0.0,-1.25796222928382,-1.787427359369869e-20,-1.2867032250751437e-90
0.3921372451263777,0.7685873675991121,0.4898164747988045,0.4616809188417107,0.5342829123886074,0.45016547103856214,0.5539732635193867,1.0,-1.2581439676999255,-7.331189317889783e-12,-4.361737890030524e-41
0.9608731991403339,0.7847044904741564,1.0,0.0,0.0,0.0,0.6486831743668612,0.0,-2.271149880052832,-1.0543370287920246e-10,-0.06593190764768933
0.9262518546387227,0.0,1.0,1.0,0.0,1.0,0.6384907360840272,0.0,-2.2691790632596636,-0.0,-0.001678408931518365
0.9228892070446758,0.88460080688073,0.47379887886477484,0.45648213791045195,1.0,0.0,0.5423915609314175,0.4340446270228225,-1.5087272592866896,-1.1206338361880963e-05,-0.0007756885087002677
0.24884823008286147,0.9311392679100644,0.4685875486921357,0.4620087963682165,0.0,1.0,0.5473374421944754,0.43330712992800524,-1.5091176633380299,-0.0018893282219980868,-9.296060459347688e-61
0.9240979581767723,0.08046573059124484,1.0,0.0,1.0,0.0,0.0,1.0,-2.4999995707088987,-1.4294063068615121e-109,-0.0014650786063210458
0.7409383205710561,0.5811892663215841,0.0,0.0,0.0,1.0,0.0,1.0,-2.5,-1.0612516539718667e-23,-3.7347845074514024e-13
0.9489631911457357,0.530266303615558,0.4993522708467771,0.4592996134856163,0.5123624433583833,0.4713008902561087,0.15029526750187552,0.47707984136209186,-1.1254130227273949,-4.975478322726719e-28,-0.00938379669672979
0.5555196536424686,0.31766631843436655,0.500309037467981,0.45739054405602536,0.5210241074339007,0.4711020674670168,1.0,0.47543697619961134,-1.2536961069762897,-3.100481454435277e-50,-5.811055091813759e-26
0.5777338011092636,0.6896120054592224,0.4715749535521395,0.4728524711846195,0.5211858403806966,0.47053900520897374,0.46324539789834157,0.47757540564528295,-1.004715524840683,-1.1445752268039855e-16,-2.349312113610904e-24
0.7526640760967274,0.35279053724171905,0.4636812048103425,0.48680577547256504,0.5152835303481853,0.47359066444348585,0.40491971243015074,0.48589417647545935,-1.01166341709102,-8.971161887934809e-46,-7.265654320567186e-13
0.691300536520838,0.9540112645563966,0.4951465723096878,0.4773316959826097,0.5194995284248435,0.4844581693197038,0.5168498226611612,0.47999404936291407,-1.0017427181681302,-0.01419892361702129,-1.4575017589723227e-16
0.4257328863455384,0.4699054490529776,0.49703138450786233,0.4772681034439009,0.5203085020657798,0.4766131186710088,0.5234225993970074,0.4799586392246042,-1.0024352075776717,-2.501637073580178e-33,-1.290910418057942e-37
0.6356556235064083,0.8573237024998364,0.4865352659243751,0.4670468626451325,0.5249062155711618,0.4668891424785747,0.525896272746551,0.47354902789791103,-1.0043541276523937,-3.25454164123776e-07,-3.3128066628705706e-20
0.2805043090980451,0.0,0.4856664937916235,0.46678815164337856,0.5252552962823998,0.4650760666815976,0.5260802551013589,0.4735494932050609,-1.0045457963960898,-0.0,-9.818459290772634e-56
1.0,0.44198613140117876,0.46059450189388973,0.4659159574908854,0.5255211108891622,0.46379905484314093,0.5799371306097255,0.4714160971171893,-6.195998437327206e-17,-3.3813911197678864e-52,-1.0118833351201508
0.0,0.6066624976248123,0.49124207185175284,0.4722231853319402,0.5228348296758316,0.4693698055666682,0.5030148487157831,0.47533241909278146,-1.0029254698564949,-3.105298932015215e-22,-0.0
0.9124872917014003,0.4043965888771489,0.4972873869322388,0.45993141400404375,0.5174946011535175,0.47284677280865717,0.0,0.47828025242318467,-1.2531279389425087,-9.437645319259655e-40,-0.00020739475302988485
0.3046224288752491,0.8995469905739167,0.4981771093631671,0.45969463402656463,0.5187671615908338,0.47418286870379284,1.0,0.47955911620901637,-1.2530644048230497,-4.971400680246875e-05,-4.6803780199244535e-52
0.5197721246412771,0.26990859667044526,0.48486224884281276,0.4670102189313264,0.522335276363675,0.46824996535080243,0.5284590489770954,0.47440087082219656,-1.0042896393188656,-2.0876158143794363e-57,-6.015577395360334e-29
0.410132950078867,0.012526654146624525,0.5133479195898271,0.6370406242222691,0.34336180661640153,0.5013410880546578,0.4318350072024499,0.6419106661948795,-1.068280725211218,-1.01932803177414e-190,-3.290572471503094e-39
0.8335655554626431,0.9279479761939806,0.4754566352874441,1.0,0.5307883710614285,0.46433885493167504,0.5194655034560622,0.47932559717581497,-1.2536278601391084,-0.0011134007749704548,-2.444920418312474e-08
0.013530959949282188,0.4499432899618324,0.4746139731471976,0.0,0.5292514195801964,0.46221779980270405,0.5204103634762413,0.4797709607932389,-1.2537533875230373,-4.074834268892008e-35,-2.674193647129344e-187
0.9249326056588537,0.8858886406642379,0.48389947037708286,0.46426529373858805,0.521082047907294,0.47076478619354395,0.531931586651059,0.4702697526828074,-1.0047386538789087,-8.631500184500478e-06,-0.00064443926049151
0.0,0.0,0.4638255545248585,0.0,0.7370927765546554,0.18252514159603606,1.0,0.10260199994251619,-1.8162370313681344,-0.0,-0.0
0.958076742783863,0.7773436336640485,0.48045926995922095,0.4651039134444443,0.5234093763412906,0.4695472046304913,0.5334883544838301,0.47034735559668167,-1.004839404718006,-1.817695553347243e-11,-0.021792868435911963
0.0,0.0,0.3973314276337458,0.0,0.7680689298869476,0.1548200368306741,1.0,0.0630987512925231,-1.8924336950181877,-0.0,-0.0
0.9534156183571679,0.9579810240288568,0.4913555683871037,0.45524122071671186,0.49365533915825394,1.0,1.0,1.0,-1.7515592744637782,-0.03760989322046973,-0.02332902993644653
0.9540453775613845,0.933012926407532,0.479968322162806,0.4639070049348621,0.49559147251293784,0.0,0.0,0.0,-1.7515441512700873,-0.002681065205431963,-0.024915748225400415
0.91730437836735,0.25883382222413415,0.4837972188316409,0.47167314851421294,0.5185241180750524,0.47113434544629446,0.5271202237554748,0.4752169440163245,-1.0035909765997004,-3.1606702594223034e-59,-0.0002812051562512541
0.19333385365757427,0.5955059617963003,0.4862450579235637,0.4737657661540899,0.5137995167470097,0.4714512659668452,0.5249605421112431,0.4762427685845096,-1.003070325041371,-4.85358488257578e-23,-6.733518019271957e-72
0.8733168045500002,0.2869289854683227,0.484326876395693,0.4720482624330365,0.5226877327807158,0.46987575817791444,0.5269800179278608,0.4751580545207818,-1.0037941932210688,-9.445105871048496e-55,-2.0651245936096415e-06
0.2313872369519807,0.17321437425449224,0.48483008517940623,0.4721456616151253,0.5230987479057133,0.4688100832279288,0.5265614671633811,0.4757302239897064,-1.0038068871110448,-1.138054272273178e-76,-4.2826251037115854e-64
0.9559730180132113,1.0,0.4843483333273106,0.46702080626427145,0.5225067905929354,0.47211629823221135,0.5307567066419077,0.470793069185776,-6.149340646481919e-17,-1.0042635396202937,-0.017481347122771367
0.48355183658869594,0.0,0.47679242135976363,0.4834479433366334,0.5237676543871393,0.4753906438340255,0.5221393271976259,0.48080768669640134,-1.0028415787908074,-0.0,-4.3818340131259115e-32
0.7417308170500543,0.7534538889539871,0.48412500212675863,0.47082100310837965,0.5229603545685361,0.47069673347353647,0.527375995891954,0.4738089301802745,-1.0039247060174885,-8.007351669861471e-13,-1.6689884920188806e-13
0.5046624137909788,0.199341628180163,0.46941182588371905,0.49801843404407276,0.5114736233110975,0.45279333566989727,0.521266839951601,0.5291977358963094,-1.0046044624514632,-1.4385173240468496e-70,-3.1492782851817082e-30
0.8014290897679167,0.7339843562033261,0.4865910528111225,0.4699917779683717,0.5198588362975135,0.4752072900353161,0.5266843452728331,0.47411246724313605,-1.0034715637355756,-5.838554167034299e-14,-3.8382668049433906e-10
0.33409204099208734,0.38942738196967097,0.47370469618355593,0.4783286414915299,0.5574704324024594,0.44287242568889906,0.530039336497821,0.6127762440664637,-1.0213483440925657,-1.7698736552336456e-41,-3.907569680851848e-48
0.678494512547282,0.8415277315615727,0.486028577906671,0.4704179258548039,0.5219973084648584,0.4728687729165022,0.5263438343309979,0.47270682583467555,-1.0037291997720728,-5.0650024171723914e-08,-2.250973554151105e-17
0.8195315356750762,0.05099509712399029,0.48488252277640576,0.4637041244740674,0.5214537473344967,0.4707291151683153,0.5268028453150142,0.47995655405926796,-1.0039831089134816,-8.926652116026218e-130,-3.5843736553035558e-09
0.9572898449768077,1.0,0.48503970284694004,0.46890860223966063,0.5213920701881002,0.4749550040079362,0.5281096295172886,0.4717604120273524,-6.145661805583614e-17,-1.0036627393077682,-0.020049826981220282
0.9252462174363765,0.0,0.475285730902504,0.47791372577680963,0.5185840548876808,0.4742107399599648,0.5243388722575452,0.4786666330224888,-1.0031563240630472,-0.0,-0.0006656108401149542
0.8861395724642351,0.9091079801290485,0.4712001283728362,0.0,0.5255662469092263,0.46510554429646794,0.5184684652751355,0.4812375777843445,-1.2533937931004966,-0.00014313782688917692,-1.1076959141859494e-05
0.16751448496240548,0.3189647950043757,0.470614793118955,1.0,0.533374974530397,0.46395582784999506,0.5119976901243404,0.48134109728245167,-1.2537686608732683,-4.662431166717677e-50,-5.006957755415745e-78
0.8917601977059806,0.5048621415290241,0.4869157449235095,0.47437442073376895,0.5211072468531341,0.4743028875709147,0.5260523012088724,0.47227173532417577,-1.0033813044219901,-3.2724000999470965e-30,-1.6687616947825033e-05
0.9064463165678641,0.5383523521952465,0.8165365086485397,0.8562484253175112,0.7074378005675513,0.26357426987442883,0.8949983883531145,0.9265329371480503,-1.6639899360556245,-3.341427678250906e-27,-0.00014173575596408344
0.952801248331538,0.9542390836491285,0.5002829917754816,0.47096421449330733,0.5161284531017735,0.4820516487791446,0.0,0.4800633678649578,-1.251593478708401,-0.018169112408799426,-0.01562727427380596
0.27545143260265276,0.11060169497294112,0.8669671537217781,0.9994942281273732,0.0,1.0,0.46736358013277224,0.8834545385167005,-2.032261894854029,-7.590629784474147e-96,-3.225544932496656e-56
0.9504975644293479,0.6012461352361888,0.0,0.47953750832298014,1.0,0.47716029860465764,1.0,0.4753360535200694,-1.7514645691642892,-2.211826266729561e-22,-0.01716469032099492
0.9278930769292225,0.033890222550170455,0.0,0.4803899454309235,0.0,0.47650202370447237,0.0,0.47580463612527885,-1.7515214420909748,-2.7988357483259475e-147,-0.0015464251058059813
0.9595249043074467,0.9540394712793533,0.48592993585421257,0.4727076998179342,0.5190021322291026,0.47882787268480065,0.5290443649923208,0.4685940724544491,-1.0031615729389187,-0.014261142664026739,-0.025307652511655038
0.0652526799661103,0.5440260632544821,0.5398161572925443,0.522341889271766,0.5759075960734664,0.477302246187972,0.5282501717912812,0.4449147571183318,-1.0121940937571097,-5.7990161444429484e-27,-4.5837295628489816e-119
0.9558882252097499,0.4551918857677378,0.48608480276525495,0.4750837271605382,0.518339316622787,0.47472730241711664,0.5321370799100344,0.0,-1.252635857176561,-1.2983622816023657e-34,-0.021612200959084647
0.6158241887409129,0.8587910782506808,0.48623100484078474,0.4745917451663644,0.519161844243225,0.4743819205294037,0.531443949070738,1.0,-1.2528473488450194,-4.816931132432576e-07,-1.7365703254828073e-21
0.3665313790287605,0.9144899556634994,0.48628886350530176,0.47396867106594986,1.0,0.47973024879191,0.5199200206851393,0.471337328083933,-1.2524948175561643,-0.0002581010643906719,-5.070046104590275e-44
0.7014239853867092,0.9147687755304261,0.486361308341492,0.47420581418824254,0.0,0.47872250341702854,0.5195878652457769,0.47130777141350066,-1.2525109859732637,-0.00026609372742701106,-7.797631232157173e-16
0.9092024788966192,0.8110989939952566,0.48567214884482746,0.4736085782727268,1.0,0.4798229209094297,0.5229856210058683,0.47276363347887174,-1.2525790590749928,-1.5896858131229214e-09,-0.00014453936402601588
0.8810286958591473,0.9536967708522599,0.48123097730811826,0.474320175644009,0.0,0.4753816653003667,0.5197599279410335,0.47351000610542293,-1.2525921744763722,-0.017178609674824413,-6.208344505935632e-06
0.922014598003561,0.9056452731943078,0.48597907522749073,0.4731697689536319,0.5170320234469984,0.47379569119831966,0.5258107995682811,0.47629002394348363,-1.0031214508628736,-7.821424755371405e-05,-0.00046908672727441627
0.7097724027772915,0.9071354042071282,0.4906678509310096,0.4450941270419173,0.5200834842854286,0.47002016969635846,0.5330787359836923,0.5710581629632127,-1.010547341487938,-9.28727401419438e-05,-2.053938624713723e-15
0.8541514544626851,0.23059039271927023,0.4862486067820101,0.47557909332820975,0.5160046461498029,0.4746469946274826,0.5300421992394928,1.0,-1.2525869388130215,-3.784849822136952e-64,-2.8016651668734454e-07
0.8887081066697793,0.6768781992001967,0.48661840172379794,0.47550395179272736,0.5164300232256616,0.47548073272091523,0.5301960405930038,0.0,-1.2525620644615276,-2.2129509808579016e-17,-1.478540779764953e-05
0.10363175912772507,0.9314658643322347,0.47553618015822957,0.0,1.0,0.4815749043405567,0.5080934420404561,0.0,-1.7510019945110966,-0.0022703935456171187,-9.743027099384347e-99
0.6267776458485662,0.931706192504127,0.4726076536915462,1.0,1.0,0.46804384552578837,0.505545703914613,0.0,-1.7518007407076595,-0.002330789424192327,-1.4156466132776484e-20
0.9606937993981562,0.950950573457176,0.4830460691086797,0.4691346333975398,0.5166460034588591,0.4747346440000948,0.5329211037534605,0.47423683702840264,-1.0034428116170566,-0.010313884480973519,-0.028592471220176947
0.1366820905306513,0.0,0.522747437610934,0.6016535385200273,0.5249740462709429,0.4726814101662047,0.5064972771186709,0.4815656498074718,-1.012602936026134,-0.0,-5.925436160900178e-87
0.6086009319707092,0.9540320129967081,0.48531360880962565,0.47312653277527056,0.5161730058547562,0.47225500445362273,0.525752189087176,0.47813189104222936,-1.0030094228939863,-0.014247835406453099,-4.272971634621801e-22
0.2538683925893871,0.9499105525884901,0.5033284126760426,0.23489327422564477,0.5321736107175226,0.4629317662928397,0.5433655963280363,0.4047230179770909,-1.0836141400485662,-0.009983390458165924,-4.9189939994782375e-60
0.9267405507815081,0.9419908410826706,0.48256575972979326,0.477785291966591,0.0,0.4783510639824672,0.0,1.0,-1.751251661798123,-0.006984555291998671,-0.0013654903560552801
0.7113709103712076,0.9032981794278729,0.3437495780422167,0.7774571594112725,0.2813925891694104,0.39916097467795075,0.859237139607115,0.48006448635507787,-1.2888031236144664,-7.752110418661957e-05,-3.2803232858557427e-15
0.9610391279154327,0.9540493896157608,0.4819664291993417,0.46948627338410065,0.5189379444481045,0.4730045011987381,0.5340170215476858,0.47395795239624783,-1.003639694969558,-0.014282782542148015,-0.02964660169415345
0.7868764026620078,0.7999733807198287,0.434298064051367,0.49323212005084455,0.5215199829506211,0.4528039645030137,0.34684400127579146,0.4791566853575356,-1.0309443277297268,-3.2878249728733914e-10,-6.309678802033012e-11
0.9189793795094068,0.9254262121724939,1.0,0.47557950561035073,0.5136963149026711,0.4761673856643429,0.5194821084147685,0.4792342443919073,-1.2521623548806375,-0.0008471498427514088,-0.0004210729034789857
0.5874069025221343,0.9310317078165551,0.6287943346417355,0.547735740276215,0.8570169182608144,0.3608171934347438,0.6098174576895266,0.7972951595468625,-1.2661429314189474,-0.001566931524835046,-1.557784930739142e-23
0.916234164897502,0.9011769180801606,1.0,0.9071645004564183,1.0,0.0,0.027961363881792458,0.0,-2.388603327478162,-0.0001135716322904852,-0.0005955416062214575
0.0,0.08806411974512637,0.0,0.0,0.0,1.0,1.0,1.0,-2.5,-1.185658795209102e-105,-0.0
0.6260989991154122,0.6525551753569955,0.4863493666951427,0.47508462962985243,0.5157295728487302,0.47189495705958223,0.5238988838112011,0.478184196055943,-1.0028915143201385,-4.561394880020823e-19,-7.272350226701013e-21
0.3192275447608042,0.15434588556876708,0.47251115210805306,0.49883174676703024,0.5114540627771649,0.4637702167167871,0.5210762844544055,0.4814557642321223,-1.0029888927715125,-1.1140936267126902e-81,-4.0499696529057547e-50
0.891001215767823,0.8727009825244371,0.48681738737718183,0.47674638949399806,0.5151743244598562,0.4733833678059434,0.5237066961051683,0.47865898993843997,-1.002670662941165,-1.9223155392223584e-06,-1.5314677235061592e-05
0.0,0.03177122978149914,0.48691287159346686,0.47739106079474813,0.5143662482978466,0.47208604017593225,0.5164465784200056,0.4793001330630218,-1.002366989738065,-2.515064857374155e-150,-0.0
0.5656567287636178,0.9223702446456773,0.4849754552293204,0.46862968518779435,1.0,1.0,0.5187492078132657,0.46704345351983595,-1.502647322877007,-0.0007303069018821772,-4.24886325498932e-25
0.682720175636879,0.09828565573089075,0.48313543727542874,0.4684602176757683,0.0,1.0,0.5185684171880268,0.4650680775817442,-1.5028441966656545,-4.188396463027789e-101,-6.27057778940862e-17
0.8229685840961174,0.874291705129959,0.4879083418685725,0.47763842189026023,0.5139136704583367,0.47437447679222633,0.5226051834550696,0.47918508937524207,-1.0024407608579229,-2.3057615725611817e-06,-5.438814877003109e-09
0.3270318689824231,0.07979424389338696,0.48839162764311966,0.4774241492001463,0.5148926235825609,0.47313791326724364,0.5267286079763369,0.4798139105403824,-1.0027096819809476,-2.479998791963064e-110,-4.532133782356421e-49
0.9555605159194986,0.6326851058534254,0.4858770993320019,0.4757594656114549,0.515123810017557,0.473426974576272,0.525055406069569,0.4774136404478744,-1.002720491066174,-2.0704313978965725e-20,-0.016717049347248093
0.0,0.6031749368147801,0.5232403385678956,1.0,0.0,0.11509445284926283,1.0,0.9010103287081325,-2.0595016772947634,-3.582702657903924e-22,-0.0
0.37498433046166396,0.7128286170196254,0.48742839926972853,0.0,0.49565549217947563,0.47269414377378555,0.5126937331492216,1.0,-1.5010836605386342,-4.68853777167601e-15,-5.940688641894934e-43
0.4694091925055831,0.6832903537557402,0.48759735867922155,1.0,0.49597384752723106,0.4726987779405613,0.5135252172502666,0.0,-1.5010983236430715,-6.808602582168248e-17,-3.3704511459397023e-33
0.8900685115436915,0.6715967760087495,0.4864370833942852,0.4764608539884878,0.5151524111954406,0.47349525489886507,0.5243690968940554,0.4774607457331947,-1.0027720119511887,-8.094356826740097e-18,-1.3793223829406586e-05
0.17929840575321454,0.33541658908445826,0.48411337720087755,0.47680583373421004,0.5129213154550443,0.4716885329210545,0.5233054864020044,0.48190935831067727,-1.0026292707071431,-5.697890208006667e-48,-3.5884182572434234e-75
0.8918103671860724,0.8967155110359399,0.4763815006928215,0.09461816754489102,0.5194642031150489,0.0,0.5132898991105523,0.4917650668213055,-1.415515553548924,-4.097346863174511e-05,-2.3674792935482256e-05
0.9228473606949077,0.7154627043680374,0.46709402901617314,1.0,0.5234214029386545,0.0,0.5160982881724233,0.4922531031289824,-1.5019503376189476,-6.783837380912749e-15,-0.000768710719229802
0.03134766018862102,0.13458609259248439,0.4872099822321308,0.4788593682268018,0.5150659446961673,0.47815021199365426,0.5235485615936698,0.4783738912704515,-1.0023371301236956,-1.2506971179460111e-87,-6.57123091380859e-151
0.7941250021714584,0.48832013341105335,0.5132689918948236,0.4735303854300317,0.5181563656121652,0.498019964678495,0.5284886292106016,0.47170349709953,-1.0028225748642001,-1.1689798843676998e-31,-1.5354332181154862e-10
0.9239189665780237,0.9488928692012398,0.48787730145567015,0.47876912486059137,0.5148708652411182,0.4791900372912777,0.5237386668623112,0.4783568112447576,-1.002249366519274,-0.008295143093835495,-0.0005761012886861607
0.40824832912814396,0.17748066217555222,0.4052699343405682,0.49492586905311814,0.5476734485778275,0.47017539584796597,0.34308173812588355,0.48922481909129156,-1.0369012422900439,-1.3395573470337864e-75,-2.015110498967251e-39
0.9548669814668163,0.9395901922669394,0.48603152665670757,0.47618678707392,0.5165702105247072,0.4759505300816297,0.5275073886272155,0.47671066317649263,-1.0027888835917302,-0.0030986908745265817,-0.015547259943715168
0.0,0.9571603430766181,0.2089211396887067,0.7763394748414588,1.0,0.6206660067097854,0.0,1.0,-1.9252768303935333,-0.03794363633575963,-0.0
0.9556562102359807,0.9509288193833294,0.48795518901520885,0.477753334276512,0.5146781129186018,0.47869131925688807,0.5256405957736172,0.47761496519821306,-1.0022732233351659,-0.010278321203934062,-0.016878681669618298
0.4558653158920866,0.6407623090169857,0.4922447819996232,0.4782373136493657,0.5125391637556534,0.4762324760412894,0.5251221142743144,0.4775421120599295,-1.002391361102589,-7.359578867145242e-20,-1.2045150952238426e-34
0.9242455282194866,0.5560985720067326,0.5044216267774566,0.0,0.5177256136447391,0.49617106711972947,0.0,0.4905865746489546,-1.5004367554555764,-7.718191638165401e-26,-0.000893456520794869
0.5313162312116481,0.5624410527752831,0.20620870334964975,0.8561187330086195,0.0,0.0,0.8955318948390211,0.11845194390393021,-2.0151582769327945,-3.222035251884581e-25,-1.0857688547955115e-27
0.9587379537950875,0.9548005069671465,1.0,1.0,1.0,0.48571876883470616,0.0,0.48314196463035364,-1.9997112508639796,-0.030788290302241908,-0.04647386702417727
0.4612336711042897,0.9528346630738935,1.0,0.0,0.0,0.4837099944741742,1.0,0.48024608225581045,-2.0004985864846434,-0.025063149147903984,-7.751622833477093e-34
0.959613574241083,0.9548154940373682,0.48656720340435283,0.47557474068257843,0.5152903758938675,0.48209449278746647,0.5278591551329288,0.47658367813865676,-1.0022119409949575,-0.015454666956508602,-0.02551897083372327
0.15795798578904102,0.22151787645544135,0.4845718077151375,0.5377208814845658,0.585159686294422,0.48374043409501666,0.5143915610585225,0.4616473196969221,-1.0108554847864655,-5.516795625101892e-66,-1.1349263141931908e-80
0.9198535508711018,0.4269491149219172,0.48892471242647145,0.4777818622263215,0.5134998763025779,0.47893781608077757,0.5231314132199573,0.48038717847715734,-1.0021618264074894,-1.7166015161178703e-37,-0.00037061813887682776
0.8482594786035724,0.5684188078144258,0.49730146907657025,0.47770034732222455,0.5215636933504164,0.49716037021594905,0.5276039162528199,0.46496066734520575,-1.0029673439722953,-4.6158385586351795e-25,-1.1227389586616968e-07
0.8831729190227657,0.9567886220807759,0.48916141776478206,0.4775157462690057,0.5133509493657041,0.479668415664913,0.5244261174463617,0.47748837367166147,-1.0021379922315554,-0.01899763916198988,-6.334317037713193e-06
0.7176321098169663,0.5808086005254187,0.030016409672859613,0.9771020416590926,0.0,0.21929125278903228,0.00011456997284714412,0.00018755421385390544,-2.2770062582089756,-9.052905186391833e-24,-1.392099767001949e-14
0.9221877811922875,0.9265500630742797,0.5040931353621829,0.4783546623214625,0.5173108292223944,0.48144393124739443,1.0,0.4809621537645318,-1.2514911993096625,-0.0009559534770718489,-0.000596326620426583
0.08059139479321882,0.7664844361598431,0.5036549695466895,0.4788187250920874,0.5185077435735396,0.4804903701604911,0.0,0.48174812355107527,-1.2515182984316773,-5.5448672444987735e-12,-8.364197843651979e-110
0.8879323313552542,0.9270169434212961,0.4844381937176403,0.4711162365157291,0.5191935909033853,0.0,0.5218388677832705,0.4795914908404352,-1.2523378747799174,-0.0010060247911245677,-1.35465439807345e-05
0.8424768222011972,0.4094222895503807,0.4841512685651183,0.4700582810977666,0.5207301255985802,1.0,0.5227124290673468,0.4765575503692506,-1.2526428298050758,-3.244108671061513e-39,-7.075274526035413e-08
0.9593609764985493,0.9597488941171572,0.48824752412818295,0.47508599500217374,0.5139435789880671,0.48405813826724375,0.5241893659182308,0.47557712659525503,-1.0017470410841738,-0.025866428923185088,-0.024849437556522528
0.21416886980813987,0.9619907232086828,0.4921815546833099,0.4794012501471919,0.5092228752907186,0.4864280266939892,0.5128335606465226,0.47812073558633467,-1.0008660460021916,-0.03263909561211315,-1.8722383042502837e-67
0.9304012920013408,0.7040683456174499,0.48916297516900503,0.47736073557888425,0.514912241302107,0.47953423526419303,0.5220873714474805,0.4783863083161671,-1.0022255332638683,-9.090070685127697e-16,-0.0011590869438741285
0.10817935523112705,0.010007121138784271,0.4894088304041504,0.474977282372535,0.5206627863930214,0.4780282149337489,0.5226394906274539,0.4778354575954222,-1.002651832827268,-1.6911640397924637e-200,-4.089864247218922e-97
0.6498546494537206,0.8695311372672231,0.4895998371337883,0.5104730282287905,0.5164405848265388,0.47887546127742925,0.5644838506670833,0.4787936915310984,-1.005542261188445,-1.3397817050815723e-06,-3.020948029609397e-19
0.9244269151897024,0.5427875720259792,0.4917462399009405,0.4098374177720406,0.5164121236680732,0.47591400099851083,0.5434133129755899,0.47479055835556433,-1.0115669541145014,-4.614280962893642e-27,-0.000614288994686017
0.3853866981994368,0.9296866056764787,0.4892837870897532,0.4778411259658633,0.5145498382696344,0.47975336798150386,0.521890613931948,0.4779486586759951,-1.0021923627060125,-0.0010733182871259625,-6.119885336779006e-42
0.35613996035108003,0.0,0.2117530135661155,1.0,0.0,1.0,0.0,0.050435025749272,-2.2851949912612737,-0.0,-5.2133123015662586e-45
0.9576722179509166,0.9190846814853946,0.48828964057144614,0.4778648186670631,0.5144762692619511,0.48060452897170297,0.5219186273510686,0.4777513345627054,-1.0019716852630185,-0.00034082238748617835,-0.02083179955413234
0.4385335327609471,0.12223463534798806,0.48911399429254226,0.47689674458474435,0.5158696125787843,0.4770960599747986,0.5216877509071406,0.47941817022926386,-1.0023226708592459,-8.251930420039779e-92,-2.4969404769885682e-36
0.5360678094002347,0.6212385932938237,0.4875371080416838,0.47667741870315355,0.515036285976453,0.47775173557382167,0.5231557654177289,0.4761619431988399,-1.0025247840643918,-3.3347075914722174e-21,-1.315793932611721e-27
0.5079659971483884,0.4351939853909862,0.6489763000648326,0.5790332898390017,0.4211836302153481,0.5025297480018789,0.4362824100735292,0.6731288577525648,-1.0686921513075125,-1.239541159573099e-36,-6.43334273324563e-30
0.6658931058319564,0.7216300071170573,0.5018426782541944,0.46930276343335053,0.5157992650071773,1.0,0.0,0.4884800778893882,-1.501328041176179,-1.5997564338149302e-14,-5.164726500177958e-18
0.26448941377260976,0.16853777803884987,0.5172587614817764,0.478689100185378,0.5081341775947683,1.0,1.0,0.649441873803475,-1.5231510577898306,-1.1183796406848754e-77,-4.165740910313735e-58
0.3555910068431971,0.8284541371148306,0.49077542477037,0.4786108807071146,0.5162213961320997,0.4808962424707146,0.5208926258335181,0.47898892755647293,-1.0020486414359508,-1.056466635429493e-08,-1.959230629890246e-45
0.20339811939691643,0.664487851170925,0.5365409510519307,0.4706601356536464,0.521572256373787,0.48980519139010864,0.5264717339844416,0.46086021677085753,-1.004998040442658,-2.798914336590902e-18,-1.0788930792476804e-69
0.9544607583347938,0.9506022921096489,0.5036291093705114,0.4699490230277451,0.5261444165534074,0.46971574518019116,1.0,0.47113859718202833,-1.253150039386209,-0.012417177118933113,-0.01862018435129388
0.9558033376101347,0.3024558314735056,0.5031559499731707,0.4726673650370179,0.5272140327644805,0.466645434798617,0.0,0.4728135221293951,-1.2531660451987898,-2.2925811974315467e-52,-0.02143014439288881
0.9555041219551259,0.8985943671717206,0.4880685579392008,0.47775179858871003,0.5148578375683733,0.48067086847513063,0.5208161866670519,0.47801991751155015,-1.0020105411226872,-3.575702326801952e-05,-0.016606894146369518
0.9694573288974024,0.07162252429184701,0.9749418758057973,0.30671217537046447,0.066726906587079,0.8925646045285519,0.43116852078593765,0.7279403277653415,-1.6573146197070718,-8.326973397953162e-115,-0.11725130146451555
0.9564300416096607,0.8984922225641914,0.4891805506130956,0.4779996124050664,0.5145597092807677,0.4818058121512753,0.5200839630410471,0.4790604737791492,-1.001818925763549,-3.534608566534292e-05,-0.01829271884352402
0.0,0.0,0.26105519786331005,0.053750216127540634,0.9391631058375829,0.0037314217503301114,1.0,0.08040550433186444,-2.121439764156216,-0.0,-0.0
0.921127704684198,0.9471505958807878,0.4829192648575799,0.472329121868167,0.5140243707580743,0.22423856164449119,0.520008620999365,0.4835496338843838,-1.0779437815131625,-0.007423804687291868,-0.000457836895382327
0.7280957499305464,0.9512358712742078,0.4831368674327952,0.47505811896214795,0.5249516699775018,0.6623002893803343,0.5195600595504913,0.4703350655059708,-1.0290753174039098,-0.010899465519661554,-2.675722032596783e-14
0.9232857838696101,0.8762607428438308,0.48585579307904453,0.4754154014592905,0.5154873040963008,0.4790681111017196,0.523252323337787,0.47583572428769516,-1.002606899991989,-2.887926303362115e-06,-0.0005381030724503011
0.6783642142678844,0.556086181598962,0.501296700560853,0.46665884015896203,0.42963429161518757,0.43709778892827755,0.5083876716384914,0.4713468959830529,-1.0109126888514193,-5.188524248314008e-26,-2.223957468364333e-17
0.9579224317380859,0.9544007120091398,0.4870211551953113,0.4738459676273442,0.5148014995519993,0.48498774856178056,0.5234302560575844,0.4743143221181298,-1.0021682197359354,-0.014796790499248065,-0.021389867017808983
0.45552553089273895,0.8386127365252606,0.5209201062715862,0.3690279613855042,0.4912561834561682,0.48982121891728714,0.5181441045495206,0.6153670726299344,-1.0314101576344372,-3.678719569104344e-08,-1.1503329918920155e-34
0.8622310644782092,0.4788316486469364,0.4884838505927117,0.4773227191555343,0.5154776236879329,0.4806587104853594,0.5208989484306064,0.47693232149484666,-1.0022294069157416,-1.64199481187341e-32,-5.747163804536113e-07
0.9483488731072134,0.16524348300212996,0.4879266801010758,0.4777537624776626,0.7283541976464226,0.4847504101823452,0.5227557080602676,0.4733173348305508,-1.054216442419974,-1.0751862668475202e-78,-0.008238947815498242
0.9616944660923363,0.9083559138780148,0.48306353003714203,0.47449855228511834,0.5163654089933453,0.4818056054053742,0.5255675674961199,0.4745304609927325,-1.0023374341099764,-0.00010537525316497537,-0.031694960426979946
0.0,0.0,0.3692604910424311,0.3676483108205415,0.31765532015656756,0.22763957820325817,0.0,0.6828614188541037,-1.4254778689649612,-0.0,-0.0
0.7228944084853461,0.7890025164221721,0.48777957446266673,0.47724954308425044,0.5145629341024257,0.47963989356313097,0.5211787350326365,0.47699790119694857,-1.002271170440909,-8.034224244563132e-11,-1.2723062748144475e-14
0.38802210008768456,0.4716156087250912,0.5518759527024713,0.4465712364769435,0.5336842088969571,0.5020173491898929,0.5410748313474405,0.22520389073267977,-1.0838844863058372,-3.889733944128974e-33,-1.3084256933623033e-41
0.15368354906584436,0.6817726079370235,0.4878718890097364,0.477750023404373,0.5125883731613605,0.4795993604109417,0.5197404387024037,0.4784821274894051,-1.002069509526736,-3.638920380833164e-17,-7.240288183311235e-82
0.2061448544259997,0.8855101284763874,0.23924301590637198,0.14302327129107942,4.123419641697066e-07,0.0,0.0,1.0,-2.1954261771771564,-1.8071409089205575e-05,-9.013399105883142e-69
0.705510683841098,0.609575664924757,0.4887813562381135,0.4779996485477947,0.5140116039703813,0.48062010837458774,0.5198262062418334,0.47888813490698884,-1.0020205679787615,-5.009087514121273e-22,-1.1152083111660328e-15
0.777591953617688,0.9616941828246494,0.17554863151687392,0.9981312100182387,0.9968536470312329,0.9972498533200067,0.3379063525205237,0.006184370265565204,-2.116594727877185,-0.0669269710920541,-3.9550354750208994e-11
0.01026881349176315,0.783949734403519,0.48786921514459985,0.4769666864179246,0.5139031814081517,0.47836748449254934,0.520643691821457,0.4784319151515816,-1.0022302979522741,-4.2258019181754275e-11,-2.2341586330440574e-199
0.004049238225650136,0.8115236367309608,0.6475963231313601,0.7271422376879147,0.07808788347887337,0.7955941767530967,0.9886749731120996,0.5591137222592537,-1.5810616836469031,-2.1143947284294193e-09,-1.356442827537492e-239
0.8597334219647227,0.45633318252043975,0.4899154055825321,0.4781146224363841,0.5135880407675639,0.48058303990209333,0.5200644045791715,0.4801160040882336,-1.0019402756114553,-1.3340333908005878e-34,-4.2987553500959565e-07
0.8814716534076327,0.9627960899531256,0.6858419707792082,0.8318174669157481,0.28508963726155095,0.07812115805807508,0.9258826793569251,0.6971133136644928,-1.5880399330841046,-0.05631122943948211,-8.281122940910359e-06
0.7592784374502553,0.9376491840240985,0.49193106329168723,0.479496500233329,0.5131472112058009,0.4818084079902854,0.5187568908189176,0.4809680897141932,-1.0017001565298147,-0.0025170771939942767,-1.7257014083722304e-12
0.24301091267728403,0.5190564246313117,0.49936287631859466,0.4764180058662162,0.5116803393253379,0.4804247322199375,0.519798096892879,0.47860954886019325,-1.0019256538498718,-5.22892561510038e-29,-5.748215287111883e-62
0.9232480151993389,0.9374951651337453,0.48998803553460085,0.4781511976912377,0.513183329163083,0.4805073967590239,0.5199877868848596,0.4798838996680366,-1.0019323363798687,-0.0024766396428454423,-0.0005355473887723492
0.1421091306828902,0.8995729553164173,0.4908492053225527,0.4778699019078796,0.5106462943239237,0.4795928528232686,0.519617830927027,0.4776118452671501,-1.0019893614930016,-3.9867777383531255e-05,-2.878599625999224e-85
0.955046631177526,0.9443863369222244,0.49127576869030265,0.4788133628479019,0.5135076240549775,0.48226660510898267,0.5188362874957214,0.48071677644100014,-1.0016103346495622,-0.0051498196826459544,-0.01582407169181999
0.0,0.0,0.36941141621181145,0.0,1.0,0.8095015060013175,0.0,0.0,-2.1128445604328885,-0.0,-0.0
0.8118321811942576,0.7445220393174521,0.4902424380705444,0.4796040488065306,0.5125710271556092,0.4794936053665416,0.5203567822985437,0.48033231908249063,-1.001890964042727,-2.4249129999162813e-13,-1.3917672771964846e-09
0.3718266591532138,0.6244040526319806,0.4946035417582732,0.3369403510825183,0.6248374209027617,0.4773105835126091,0.5268633787942013,0.474225881786776,-1.0441027084347487,-5.773436769608948e-21,-1.7738445192519521e-43
0.9586634591427122,0.9110009733822625,0.48680548368762877,0.4673300012886071,0.5050509368389303,1.0,0.5299901156215994,1.0,-1.5017671716109522,-0.00021115753669896797,-0.03462715624845574
0.02255906465514463,0.912152995278967,0.4953337604279542,0.47284227791773736,0.501337211823247,0.0,0.5249976141514391,1.0,-1.5013859654000834,-0.00023954167990690456,-5.06665262163087e-165
0.957096285300596,0.9497058528999723,0.4912890187492975,0.47374313567718107,0.5125106667119853,0.4828886256450142,0.5228049604437511,0.47665557325175784,-1.0020469122525957,-0.009035062281295414,-0.019617520706504764
0.0,0.0,0.5191670021052607,0.41215885605925706,0.9091509933750952,0.4657908458991208,0.5892708020643631,0.9120544451675799,-1.354416384026223,-0.0,-0.0
0.6654968674135027,0.5347371998028349,0.489796707902395,0.47972703500317826,0.5131792156173629,0.4798301739354831,0.5207304125245696,0.48165891721319265,-1.0018617592083845,-1.0255750042344958e-27,-3.2473509768698755e-18
0.6919723154328036,0.8913530662075921,0.49587765349171375,0.5557171605990544,0.3667141663802873,0.4844534047261581,0.5010280178935045,0.6126111347817482,-1.0338105301613902,-1.6426199979942116e-05,-1.6574207624120963e-16
0.9258658211017476,0.9035913293825042,0.48946198109893263,0.4789293040328784,0.5138683137641229,0.4791332044135951,0.5211781247173334,0.4808225143000047,-1.0019988121792234,-6.225762853793628e-05,-0.0007108735777007526
0.86563074084593,0.06443974968885144,0.4886922984520953,0.4785148414380713,0.5141840765439778,0.4779619791438831,0.521651994953144,0.48033760001316794,-1.002131757401719,-1.2954754249359548e-119,-8.517493302703575e-07
0.9548225353863853,0.9097828828644038,0.4894309797110969,0.47950704641522046,0.5137974192165536,0.4794813552286254,0.5212304026262269,0.4812791778815387,-1.00182495797631,-0.0001232218936276703,-0.015460098291986175
0.9280000106797804,0.0010928572681339179,0.9611647710500083,0.9455226536044107,0.012740957715215282,0.2899885166756288,0.5863949668106282,0.9966889704354892,-1.9468528254951056,-2.196835263236324e-296,-0.0017388064238635656
0.9616538246078035,0.7680377291454803,0.48712495395441086,0.47589308869311936,0.5151035864843612,0.47993168978237394,0.5235527659805661,0.4806299316763973,-1.0018111881707896,-5.434520630390876e-12,-0.03154463750305457
0.9557286994127928,0.8251879140573491,0.45475925428348635,0.48193996960484536,0.5151587694656442,0.47671999878427773,0.5194016428401323,0.48772980382924175,-1.0035271683275087,-7.1274612690585595e-09,-0.017027600049132043
0.9268815750894708,0.6451983662890783,0.48658634385470884,0.5563902583292113,0.5472699353292396,0.4805696910541821,0.5000148889359765,0.4849936913853575,-1.0061966453037938,-1.4727486927461144e-19,-0.000796576976601574
0.40022651929385106,0.4471564441649177,0.48912002925691894,0.4748084369461649,0.5114003091648998,0.47945240976496467,0.48377769934846654,0.4816188356728578,-1.001906189366438,-1.7494290361025588e-35,-2.6762897330699295e-40
0.957796942803632,0.9544123636289452,0.49126669268458645,0.4766527341225481,0.5140220415352359,0.48313441635732624,0.5204949527221454,0.4816707929706927,-1.0015268352617264,-0.014805386963667394,-0.021097878119868657
0.0,0.0,0.34533759826418003,0.3284621567335088,0.7296152402622801,0.18497151160219533,0.8293089646456965,0.24622222616669756,-1.378159349933929,-0.0,-0.0
